Kuukausi,Koodi,Kl,Seloste,a_hinta,Alennus,Hinta,Tunnit,Lkm,Summa €,Onko_labra
2023-01,1026,II,S -ALAT,9.9,,9.9,,1.0,9.9,True
2023-01,1137,II,S -B12-Vit,63.9,,63.9,,1.0,63.9,True
2023-01,1395,II,S -Ferrit,66.3,,66.3,,1.0,66.3,True
2023-01,1468,II,fP-Gluk,9.9,,9.9,,1.0,9.9,True
2023-01,2001,II,S -K,9.9,,9.9,,1.0,9.9,True
2023-01,2143,II,S -Krea,9.9,,9.9,,1.0,9.9,True
2023-01,2245,II,fS-Lipidit,29.9,,29.9,,1.0,29.9,True
2023-01,2382,II,S -Na,9.9,,9.9,,1.0,9.9,True
2023-01,2474,II,B -PVK+T,24.9,,24.9,,2.0,49.8,True
2023-01,2832,II,S -TSH,16.9,,16.9,,1.0,16.9,True
2023-01,2836,II,S -T4-V,16.9,,16.9,,1.0,16.9,True
2023-01,3642,II,S -PSA,29.9,,29.9,,1.0,29.9,True
2023-01,6128,II,B -HbA1c,58.0,,58.0,,1.0,58.0,True
2023-02,0104T1,I,"B-lausunto, eritt. laaja, työterveyslääkäri",217.0,,217.0,1:00,1.0,217.0,True
2023-02,B3122,I,"Suunnattu selvitys työpaikalle, työfysioterapeutti",107.7,,107.7,2:00,1.0,215.4,True
2023-02,1026,II,S -ALAT,9.9,,9.9,,1.0,9.9,True
2023-02,1046,II,S -AFOS,9.9,,9.9,,1.0,9.9,True
2023-02,1216P,II,S -CRPp,47.8,,47.8,,1.0,47.8,True
2023-02,1784,II,"Pt-PolAMb, unipolygrafia",429.0,,429.0,,1.0,429.0,True
2023-02,2143,II,S -Krea,9.9,,9.9,,1.0,9.9,True
2023-02,2832,II,S -TSH,16.9,,16.9,,1.0,16.9,True
2023-02,2836,II,S -T4-V,16.9,,16.9,,1.0,16.9,True
2023-02,3696,II,B -TVK,64.5,,64.5,,1.0,64.5,True
2023-02,4113P,II,B -FiDDp,68.0,,68.0,,1.0,68.0,True
2023-02,4224,II,S -IgE-Er,103.1,,103.1,,1.0,103.1,True
2023-02,5017,II,S -RuisE,62.0,,62.0,,1.0,62.0,True
2023-02,9100,II,Pt-Keli-La,72.7,,72.7,,1.0,72.7,True
2023-03,1270,I,Pt-EKG-12,39.0,,39.0,,1.0,39.0,True
2023-03,1468,I,fP-Gluk,9.9,,9.9,,2.0,19.8,True
2023-03,2245,I,fS-Lipidit,29.9,,29.9,,2.0,59.8,True
2023-03,2474,I,B -PVK+T,24.9,,24.9,,1.0,24.9,True
2023-03,1026,II,S -ALAT,9.9,,9.9,,2.0,19.8,True
2023-03,1046,II,S -AFOS,9.9,,9.9,,1.0,9.9,True
2023-03,1137,II,S -B12-Vit,63.9,,63.9,,1.0,63.9,True
2023-03,1142,II,S -B12-TC2,78.7,,78.7,,1.0,78.7,True
2023-03,1185,II,S -Bil,34.2,,34.2,,1.0,34.2,True
2023-03,1189,II,S -Bil-Kj,34.2,,34.2,,1.0,34.2,True
2023-03,1216,II,S -CRP,19.9,,19.9,,1.0,19.9,True
2023-03,1220,II,S -D-25,87.7,,87.7,,1.0,87.7,True
2023-03,1395,II,S -Ferrit,66.3,,66.3,,4.0,265.2,True
2023-03,1468,II,fP-Gluk,9.9,,9.9,,2.0,19.8,True
2023-03,1471,II,P -Gluk,9.9,,9.9,,1.0,9.9,True
2023-03,2001,II,S -K,9.9,,9.9,,2.0,19.8,True
2023-03,2019,II,fS-Ca-Ion,48.2,,48.2,,1.0,48.2,True
2023-03,2143,II,S -Krea,9.9,,9.9,,3.0,29.7,True
2023-03,2245,II,fS-Lipidit,29.9,,29.9,,2.0,59.8,True
2023-03,2303,II,S -Mg,34.2,,34.2,,1.0,34.2,True
2023-03,2382,II,S -Na,9.9,,9.9,,2.0,19.8,True
2023-03,2474,II,B -PVK+T,24.9,,24.9,,4.0,99.6,True
2023-03,2832,II,S -TSH,16.9,,16.9,,5.0,84.5,True
2023-03,2836,II,S -T4-V,16.9,,,,5.0,84.5,True
2023-03,3642,II,S -PSA,29.9,,,,1.0,29.9,True
2023-03,3696,II,B -TVK,64.5,,,,1.0,64.5,True
2023-03,6128,II,B -HbA1c,58.0,,,,2.0,116.0,True
2023-03,9951,II,fS-TtPakA,129.95,,,,1.0,129.95,True
2023-04,1270,I,Pt-EKG-12,39.0,,39.0,,1.0,39.0,True
2023-04,6128,I,B -HbA1c,58.0,,58.0,,1.0,58.0,True
2023-04,9951,I,fS-TtPakA,129.95,,129.95,,1.0,129.95,True
2023-04,1026,II,S -ALAT,9.9,,9.9,,1.0,9.9,True
2023-04,1468,II,fP-Gluk,9.9,,9.9,,1.0,9.9,True
2023-04,2143,II,S -Krea,9.9,,9.9,,1.0,9.9,True
2023-04,2245,II,fS-Lipidit,29.9,,29.9,,1.0,29.9,True
2023-04,2832,II,S -TSH,16.9,,16.9,,1.0,16.9,True
2023-04,2836,II,S -T4-V,16.9,,16.9,,1.0,16.9,True
2023-04,6128,II,B -HbA1c,58.0,,58.0,,1.0,58.0,True
2023-04,9828,II,Pt-GlukR1p,51.0,,51.0,,1.0,51.0,True
2023-05,1026,II,S -ALAT,9.9,,9.9,,1.0,9.9,True
2023-05,1046,II,S -AFOS,9.9,,9.9,,2.0,19.8,True
2023-05,1155,II,U -BaktVi,9.9,,9.9,,2.0,19.8,True
2023-05,1216P,II,S -CRPp,47.8,,47.8,,1.0,47.8,True
2023-05,1395,II,S -Ferrit,66.3,,66.3,,1.0,66.3,True
2023-05,1881P,II,"U-Kemseup, pika",33.4,,33.4,,1.0,33.4,True
2023-05,2143,II,S -Krea,9.9,,9.9,,1.0,9.9,True
2023-05,2474,II,B -PVK+T,24.9,,24.9,,1.0,24.9,True
2023-05,2832,II,S -TSH,16.9,,16.9,,1.0,16.9,True
2023-05,2836,II,S -T4-V,16.9,,16.9,,1.0,16.9,True
2023-05,3509,II,Sk-SienVi,96.1,,96.1,,1.0,96.1,True
2023-05,3695,II,B-PVKTmd,46.4,,46.4,,1.0,46.4,True
2023-05,3696,II,B -TVK,64.5,,64.5,,1.0,64.5,True
2023-05,6434,II,S -Lipidit,29.9,,29.9,,1.0,29.9,True
2023-05,8022,II,S -hsCRP,43.8,,43.8,,1.0,43.8,True
2023-06,1026,I,S -ALAT,9.9,,9.9,,1.0,9.9,True
2023-06,1468,I,fP-Gluk,9.9,,9.9,,1.0,9.9,True
2023-06,2143,I,S -Krea,9.9,,9.9,,1.0,9.9,True
2023-06,2245,I,fS-Lipidit,29.9,,29.9,,1.0,29.9,True
2023-06,2474,I,B -PVK+T,24.9,,24.9,,2.0,49.8,True
2023-06,2832,I,S -TSH,16.9,,16.9,,1.0,16.9,True
2023-06,2836,I,S -T4-V,16.9,,16.9,,1.0,16.9,True
2023-06,6128,I,B -HbA1c,58.0,,58.0,,1.0,58.0,True
2023-06,6434,I,S -Lipidit,29.9,,29.9,,1.0,29.9,True
2023-06,10143,II,Pt-PapaLBC,126.6,,126.6,,1.0,126.6,True
2023-06,1026,II,S -ALAT,9.9,,9.9,,1.0,9.9,True
2023-06,1046,II,S -AFOS,9.9,,9.9,,1.0,9.9,True
2023-06,1185,II,S -Bil,34.2,,34.2,,1.0,34.2,True
2023-06,1189,II,S -Bil-Kj,34.2,,34.2,,1.0,34.2,True
2023-06,1489,II,S -GT,9.9,,9.9,,1.0,9.9,True
2023-06,4043,II,Ts-PADGast,93.9,,93.9,,1.0,93.9,True
2023-06,6434,II,S -Lipidit,29.9,,29.9,,1.0,29.9,True
2023-07,1468,I,fP-Gluk,9.9,9.9,,,1.0,9.9,True
2023-07,6128,I,B -HbA1c,58.0,58.0,,,1.0,58.0,True
2023-07,B3122,I,"Suunnattu selvitys työpaikalle, työfysioterapeutti",107.7,107.7,,1:30,1.0,161.55,True
2023-07,1395,II,S -Ferrit,66.3,66.3,,,1.0,66.3,True
2023-07,2474,II,B -PVK+T,24.9,24.9,,,1.0,24.9,True
2023-07,2775,II,S -T3-V,95.4,95.4,,,1.0,95.4,True
2023-08,1468,I,fP-Gluk,9.9,,9.9,,2.0,19.8,True
2023-08,2245,I,fS-Lipidit,29.9,,29.9,,2.0,59.8,True
2023-08,2474,I,B -PVK+T,24.9,,24.9,,2.0,49.8,True
2023-08,1026,II,S -ALAT,9.9,,9.9,,1.0,9.9,True
2023-08,1046,II,S -AFOS,9.9,,9.9,,1.0,9.9,True
2023-08,1128,II,S -ASAT,9.9,,9.9,,1.0,9.9,True
2023-08,1216,II,S -CRP,19.9,,19.9,,2.0,39.8,True
2023-08,1216P,II,S -CRPp,50.2,,50.2,,2.0,100.4,True
2023-08,1471,II,P -Gluk,9.9,,9.9,,1.0,9.9,True
2023-08,2001,II,S -K,9.9,,9.9,,1.0,9.9,True
2023-08,2143,II,S -Krea,9.9,,9.9,,1.0,9.9,True
2023-08,2203,II,B -La,9.9,,9.9,,1.0,9.9,True
2023-08,2360,II,S -MonAb-O,60.1,,60.1,,1.0,60.1,True
2023-08,2382,II,S -Na,9.9,,9.9,,1.0,9.9,True
2023-08,2474,II,B -PVK+T,24.9,,24.9,,1.0,24.9,True
2023-08,2703,II,Ps-StrVi,16.9,,16.9,,1.0,16.9,True
2023-08,2735,II,S -Testo,88.8,,88.8,,1.0,88.8,True
2023-08,2832,II,S -TSH,16.9,,16.9,,2.0,33.8,True
2023-08,2836,II,S -T4-V,16.9,,16.9,,2.0,33.8,True
2023-08,3635,II,Ps-StrAAg,14.9,,14.9,,1.0,14.9,True
2023-08,3696,II,B -TVK,66.9,,66.9,,1.0,66.9,True
2023-08,4113P,II,B -FiDDp,71.4,,71.4,,1.0,71.4,True
2023-08,4816,II,U -CtGcNhO,83.7,,83.7,,1.0,83.7,True
2023-08,6128,II,B -HbA1c,61.2,,61.2,,1.0,61.2,True
2023-08,6307,II,-TrvaNhO,270.3,,270.3,,1.0,270.3,True
2023-08,6434,II,S -Lipidit,29.9,,29.9,,2.0,59.8,True
2023-09,1468,I,fP-Gluk,9.9,,9.9,,1.0,9.9,True
2023-09,2245,I,fS-Lipidit,29.9,,29.9,,1.0,29.9,True
2023-09,2474,I,B -PVK+T,24.9,,24.9,,2.0,49.8,True
2023-09,2832,I,S -TSH,16.9,,16.9,,1.0,16.9,True
2023-09,2836,I,S -T4-V,16.9,,16.9,,1.0,16.9,True
2023-09,3642,I,S -PSA,29.9,,29.9,,1.0,29.9,True
2023-09,6128,I,B -HbA1c,61.2,,61.2,,1.0,61.2,True
2023-09,9828,I,Pt-GlukR1p,51.0,,51.0,,1.0,51.0,True
2023-09,9100,I,Pt-Keli-La,72.7,,72.7,,1.0,72.7,True
2023-09,1026,II,S -ALAT,9.9,,9.9,,1.0,9.9,True
2023-09,1216,II,S -CRP,19.9,,19.9,,1.0,19.9,True
2023-09,2001,II,S -K,9.9,,9.9,,1.0,9.9,True
2023-09,2303,II,S -Mg,34.2,,34.2,,1.0,34.2,True
2023-09,2382,II,S -Na,9.9,,9.9,,1.0,9.9,True
2023-09,2474,II,B -PVK+T,24.9,,24.9,,2.0,49.8,True
2023-09,2832,II,S -TSH,16.9,,16.9,,1.0,16.9,True
2023-09,2836,II,S -T4-V,16.9,,16.9,,1.0,16.9,True
2023-09,3642,II,S -PSA,29.9,,29.9,,1.0,29.9,True
2023-09,4054,II,Ts-PAD-1,93.9,,93.9,,1.0,93.9,True
2023-09,4764,II,Ts-PADColo,93.9,,93.9,,1.0,93.9,True
2023-09,6128,II,B -HbA1c,61.2,,61.2,,2.0,122.4,True
2023-09,6354,II,Pt-GFRe,34.2,,34.2,,1.0,34.2,True
2023-09,6434,II,S -Lipidit,29.9,,29.9,,1.0,29.9,True
2023-09,9828,II,Pt-GlukR1p,51.0,,51.0,,2.0,102.0,True
2023-10,1026,I,S -ALAT,,9.9,9.9,,1.0,9.9,True
2023-10,1046,I,S -AFOS,,9.9,9.9,,1.0,9.9,True
2023-10,1216,I,S -CRP,,19.9,19.9,,1.0,19.9,True
2023-10,2001,I,S -K,,9.9,9.9,,1.0,9.9,True
2023-10,2143,I,S -Krea,,9.9,9.9,,1.0,9.9,True
2023-10,2203,I,B -La,,9.9,9.9,,1.0,9.9,True
2023-10,2382,I,S -Na,,9.9,9.9,,1.0,9.9,True
2023-10,3696,I,B -TVK,,66.9,66.9,,1.0,66.9,True
2023-10,6434,I,S -Lipidit,,29.9,29.9,,1.0,29.9,True
2023-10,9951,I,fS-TtPakA,,136.45,136.45,,1.0,136.45,True
2023-10,1026,II,S -ALAT,,9.9,9.9,,2.0,19.8,True
2023-10,1046,II,S -AFOS,,9.9,9.9,,2.0,19.8,True
2023-10,1078,II,S -Amyl,,12.9,12.9,,1.0,12.9,True
2023-10,1216,II,S -CRP,,19.9,19.9,,1.0,19.9,True
2023-10,1216P,II,S -CRPp,,50.2,50.2,,1.0,50.2,True
2023-10,1270,II,Pt-EKG-12,,39.0,39.0,,1.0,39.0,True
2023-10,1395,II,S -Ferrit,,66.3,66.3,,1.0,66.3,True
2023-10,1881P,II,"U-Kemseup, pika",,35.1,35.1,,1.0,35.1,True
2023-10,1887,II,S -KysC,,67.2,67.2,,1.0,67.2,True
2023-10,2143,II,S -Krea,,9.9,9.9,,1.0,9.9,True
2023-10,2474,II,B -PVK+T,,24.9,24.9,,4.0,99.6,True
2023-10,2832,II,S -TSH,,16.9,16.9,,1.0,16.9,True
2023-10,2836,II,S -T4-V,,16.9,16.9,,1.0,16.9,True
2023-10,3642,II,S -PSA,,29.9,29.9,,1.0,29.9,True
2023-10,"3696
II",II,B -TVK,,66.9,66.9,,1.0,66.9,True
2023-10,"3950
II",II,S -HepyAb,,70.2,70.2,,1.0,70.2,True
2023-10,"4043
II",II,Ts-PADGast,,93.9,93.9,,1.0,93.9,True
2023-10,"4511
II",II,U -AlbKre,,41.0,41.0,,1.0,41.0,True
2023-10,"4803
II",II,F -Calpro,,43.6,43.6,,1.0,43.6,True
2023-10,"8022
II",II,S -hsCRP,,43.8,43.8,,1.0,43.8,True
2023-10,ERAV1,MUU,"Ravitsemusterapeutin etävastaanottokäynti, 60 min",16.0,130.0,146.0,,1.0,130.0,True
2023-11,1026,I,S -ALAT,,9.9,9.9,,1.0,9.9,True
2023-11,1046,I,S -AFOS,,9.9,9.9,,1.0,9.9,True
2023-11,1270,I,Pt-EKG-12,,39.0,39.0,,1.0,39.0,True
2023-11,1395,I,S -Ferrit,,66.3,66.3,,1.0,66.3,True
2023-11,1471,I,P -Gluk,,9.9,9.9,,1.0,9.9,True
2023-11,2001,I,S -K,,9.9,9.9,,2.0,19.8,True
2023-11,2143,I,S -Krea,,9.9,9.9,,1.0,9.9,True
2023-11,2303,I,S -Mg,,34.2,34.2,,1.0,34.2,True
2023-11,2382,I,S -Na,,9.9,9.9,,2.0,19.8,True
2023-11,2474,I,B -PVK+T,,24.9,24.9,,1.0,24.9,True
2023-11,2682,I,Pt-FVSpirD,,141.75,141.75,,1.0,141.75,True
2023-11,3642,I,S -PSA,,29.9,29.9,,1.0,29.9,True
2023-11,6128,I,B -HbA1c,,61.2,61.2,,1.0,61.2,True
2023-11,6434,I,S -Lipidit,,29.9,29.9,,1.0,29.9,True
2023-11,9951,I,fS-TtPakA,,136.45,136.45,,1.0,136.45,True
2023-11,1026,II,S -ALAT,,9.9,9.9,,3.0,29.7,True
2023-11,1046,II,S -AFOS,,9.9,9.9,,2.0,19.8,True
2023-11,1185,II,S -Bil,,34.2,34.2,,1.0,34.2,True
2023-11,1189,II,S -Bil-Kj,,34.2,34.2,,1.0,34.2,True
2023-11,1216,II,S -CRP,,19.9,19.9,,4.0,79.6,True
2023-11,1270,II,Pt-EKG-12,,39.0,39.0,,1.0,39.0,True
2023-11,1395,II,S -Ferrit,,66.3,66.3,,1.0,66.3,True
2023-11,1468,II,fP-Gluk,,9.9,9.9,,1.0,9.9,True
2023-11,1489,II,S -GT,,9.9,9.9,,2.0,19.8,True
2023-11,2001,II,S -K,,9.9,9.9,,2.0,19.8,True
2023-11,2143,II,S -Krea,,9.9,9.9,,2.0,19.8,True
2023-11,2203,II,B -La,,9.9,9.9,,4.0,39.6,True
2023-11,2245,II,fS-Lipidit,,29.9,29.9,,2.0,59.8,True
2023-11,2382,II,S -Na,,9.9,9.9,,2.0,19.8,True
2023-11,2455,II,F -Para-O,,84.3,84.3,,2.0,168.6,True
2023-11,2474,II,B -PVK+T,,24.9,24.9,,4.0,99.6,True
2023-11,2832,II,S -TSH,,16.9,16.9,,2.0,33.8,True
2023-11,2836,II,S -T4-V,,16.9,16.9,,2.0,33.8,True
2023-11,3442,II,F -BaktVi1,,92.4,92.4,,1.0,92.4,True
2023-11,4803,II,F -Calpro,,43.6,43.6,,1.0,43.6,True
2023-11,6128,II,B -HbA1c,,61.2,61.2,,2.0,122.4,True
2023-11,6141,II,F -CldTNhO,,225.1,225.1,,2.0,450.2,True
2023-11,6434,II,S -Lipidit,,29.9,29.9,,2.0,59.8,True
2023-11,650,II,S -Reumapa,,130.9,130.9,,2.0,261.8,True
2023-12,EC510E,I,"Ravitsemusterapeutin terveydenhoito E, etä, tunti",166.45,,166.45,1:00,1.0,166.45,True
2023-12,1026,II,S -ALAT,9.9,,9.9,,2.0,19.8,True
2023-12,1046,II,S -AFOS,9.9,,9.9,,1.0,9.9,True
2023-12,1185,II,S -Bil,34.2,,34.2,,1.0,34.2,True
2023-12,1189,II,S -Bil-Kj,34.2,,34.2,,1.0,34.2,True
2023-12,2001,II,S -K,9.9,,9.9,,1.0,9.9,True
2023-12,2143,II,S -Krea,9.9,,9.9,,1.0,9.9,True
2023-12,2245,II,fS-Lipidit,29.9,,29.9,,1.0,29.9,True
2023-12,2382,II,S -Na,9.9,,9.9,,1.0,9.9,True
2023-12,2832,II,S -TSH,16.9,,16.9,,1.0,16.9,True
2023-12,2836,II,S -T4-V,16.9,,16.9,,1.0,16.9,True
2023-12,6128,II,B -HbA1c,61.2,,61.2,,2.0,122.4,True
2023-12,6434,II,S -Lipidit,29.9,,29.9,,1.0,29.9,True
2023-12,9828,II,Pt-GlukR1p,51.0,,51.0,,1.0,51.0,True
